URL,Phishing,Risk Score (%),Engine
http://192.0.2.102/login/amazon,Phishing,100,Heuristics Rule (IP Target Base)
http://192.0.2.113/verify/amazon,Phishing,100,Heuristics Rule (IP Target Base)
http://192.0.2.126/security-check/netflix,Phishing,100,Heuristics Rule (IP Target Base)
http://192.0.2.134/validate/account,Phishing,100,Heuristics Rule (IP Target Base)
http://192.0.2.135/login/bank,Phishing,100,Heuristics Rule (IP Target Base)
http://192.0.2.137/auth/apple,Phishing,100,Heuristics Rule (IP Target Base)
http://192.0.2.153/login/microsoft,Phishing,100,Heuristics Rule (IP Target Base)
http://192.0.2.16/security-check/facebook,Phishing,100,Heuristics Rule (IP Target Base)
http://192.0.2.176/update/bank,Phishing,100,Heuristics Rule (IP Target Base)
http://192.0.2.183/update/netflix,Phishing,100,Heuristics Rule (IP Target Base)
http://192.0.2.195/update/account,Phishing,100,Heuristics Rule (IP Target Base)
http://192.0.2.199/security-check/amazon,Phishing,100,Heuristics Rule (IP Target Base)
http://192.0.2.199/validate/facebook,Phishing,100,Heuristics Rule (IP Target Base)
http://192.0.2.200/confirm/facebook,Phishing,100,Heuristics Rule (IP Target Base)
http://192.0.2.200/confirm/google,Phishing,100,Heuristics Rule (IP Target Base)
http://192.0.2.201/security-check/facebook,Phishing,100,Heuristics Rule (IP Target Base)
http://192.0.2.206/update/apple,Phishing,100,Heuristics Rule (IP Target Base)
http://192.0.2.22/login/netflix,Phishing,100,Heuristics Rule (IP Target Base)
http://192.0.2.221/reset/netflix,Phishing,100,Heuristics Rule (IP Target Base)
http://192.0.2.221/validate/secure,Phishing,100,Heuristics Rule (IP Target Base)
http://192.0.2.222/login/netflix,Phishing,100,Heuristics Rule (IP Target Base)
http://192.0.2.225/verify/account,Phishing,100,Heuristics Rule (IP Target Base)
http://192.0.2.230/verify/bank,Phishing,100,Heuristics Rule (IP Target Base)
http://192.0.2.24/confirm/bank,Phishing,100,Heuristics Rule (IP Target Base)
http://192.0.2.250/confirm/paypal,Phishing,100,Heuristics Rule (IP Target Base)
http://192.0.2.29/login/bank,Phishing,100,Heuristics Rule (IP Target Base)
http://192.0.2.35/update/microsoft,Phishing,100,Heuristics Rule (IP Target Base)
http://192.0.2.42/login/paypal,Phishing,100,Heuristics Rule (IP Target Base)
http://192.0.2.45/validate/paypal,Phishing,100,Heuristics Rule (IP Target Base)
http://192.0.2.5/confirm/paypal,Phishing,100,Heuristics Rule (IP Target Base)
http://192.0.2.52/security-check/bank,Phishing,100,Heuristics Rule (IP Target Base)
http://192.0.2.61/security-check/microsoft,Phishing,100,Heuristics Rule (IP Target Base)
http://192.0.2.73/security-check/paypal,Phishing,100,Heuristics Rule (IP Target Base)
http://192.0.2.87/login/google,Phishing,100,Heuristics Rule (IP Target Base)
http://192.0.2.97/validate/google,Phishing,100,Heuristics Rule (IP Target Base)
https://account.example/0zk3rixs1ti4wk5j/reset,Phishing,87,ML Fusion Network (Offline + Online)
https://account.example/pq4dhg8c3oz5fl0e/update,Phishing,84,ML Fusion Network (Offline + Online)
https://account.invalid/h6u8g1ju7vy6g27z/update,Phishing,82,ML Fusion Network (Offline + Online)
https://account.invalid/nrrtg9iedsqjovnk/update,Phishing,85,ML Fusion Network (Offline + Online)
https://account.update.secure.test/update,Phishing,79,ML Fusion Network (Offline + Online)
https://account-auth-alert.test/pyfezp5nonhh,Phishing,93,ML Fusion Network (Offline + Online)
https://account-reset-alert.invalid/rqw1pcgg1oe9,Phishing,75,ML Fusion Network (Offline + Online)
https://account-validate-alert.test/8n5f6dhwx1kp,Phishing,83,ML Fusion Network (Offline + Online)
https://account-verify-alert.example/kcvii4546t9o,Phishing,83,ML Fusion Network (Offline + Online)
https://amazon.auth.secure.test/auth,Phishing,90,Brand Deception Rule
https://amazon.test/jf9dd9dj7h7q3dgm/validate,Phishing,90,Brand Deception Rule
https://amazon.update.secure.test/update,Phishing,90,Brand Deception Rule
https://amazon-verify-alert.invalid/lqk3ybbz8sj1,Phishing,90,Brand Deception Rule
https://apple.auth.secure.example/auth,Phishing,90,Brand Deception Rule
https://apple.example/655vqy3cxls80g5i/verify,Phishing,90,Brand Deception Rule
https://apple.invalid/4u3e7t62vhxxovkk/verify,Phishing,90,Brand Deception Rule
https://apple.reset.secure.test/reset,Phishing,90,Brand Deception Rule
https://apple.security-check.secure.example/security-check,Phishing,90,Brand Deception Rule
https://apple.test/0j541q8o6mu8shrg/login,Phishing,90,Brand Deception Rule
https://apple.verify.secure.test/verify,Phishing,90,Brand Deception Rule
https://apple-auth-alert.example/p4wxpz0gd8qw,Phishing,90,Brand Deception Rule
https://apple-reset-alert.test/g8ilz6gpn1n1,Phishing,90,Brand Deception Rule
https://apple-validate-alert.invalid/mvdy8z7rbt20,Phishing,90,Brand Deception Rule
https://bank.invalid/1hp7j7qc36bzn68q/reset,Phishing,75,ML Fusion Network (Offline + Online)
https://bank.invalid/5bb0ojipk0ys13zc/login,Phishing,78,ML Fusion Network (Offline + Online)
https://bank.invalid/7axk7ztvxnu0n48f/verify,Phishing,81,ML Fusion Network (Offline + Online)
https://bank.invalid/9t7fdor2mzvho8wy/validate,Phishing,75,ML Fusion Network (Offline + Online)
https://bank.invalid/ss0q7gt8h1thk75y/confirm,Phishing,82,ML Fusion Network (Offline + Online)
https://bank.login.secure.invalid/login,Phishing,81,ML Fusion Network (Offline + Online)
https://bank.security-check.secure.test/security-check,Phishing,75,ML Fusion Network (Offline + Online)
https://bank.verify.secure.invalid/verify,Phishing,75,ML Fusion Network (Offline + Online)
https://bank-auth-alert.test/2x914esvtazq,Phishing,93,ML Fusion Network (Offline + Online)
https://bank-confirm-alert.example/aqmjm6gn98jp,Phishing,83,ML Fusion Network (Offline + Online)
https://bank-update-alert.test/dnuk46ftedfz,Phishing,85,ML Fusion Network (Offline + Online)
https://bank-validate-alert.example/58oht7pwbxxo,Phishing,80,ML Fusion Network (Offline + Online)
https://bank-verify-alert.test/7vmsr1ooztgg,Phishing,85,ML Fusion Network (Offline + Online)
https://facebook.security-check.secure.invalid/security-check,Phishing,90,Brand Deception Rule
https://facebook.test/bexg9ame5pj2xvi4/update,Phishing,90,Brand Deception Rule
https://facebook.test/nyqqc7tkaxtptaof/validate,Phishing,90,Brand Deception Rule
https://facebook.validate.secure.invalid/validate,Phishing,90,Brand Deception Rule
https://facebook.validate.secure.invalid/validate,Phishing,90,Brand Deception Rule
https://facebook.validate.secure.test/validate,Phishing,90,Brand Deception Rule
https://facebook.validate.secure.test/validate,Phishing,90,Brand Deception Rule
https://facebook-verify-alert.invalid/1p70b9ivnhuq,Phishing,90,Brand Deception Rule
https://google.confirm.secure.invalid/confirm,Phishing,90,Brand Deception Rule
https://google.example/q709glbpxn0zeknc/reset,Phishing,90,Brand Deception Rule
https://google.invalid/i4z38ysumbw6hyuf/login,Phishing,90,Brand Deception Rule
https://google.security-check.secure.invalid/security-check,Phishing,90,Brand Deception Rule
https://google.test/4h9xk0qh1pgdxpr2/security-check,Phishing,90,Brand Deception Rule
https://google.test/hu0srd6bgp79df1v/security-check,Phishing,90,Brand Deception Rule
https://google-confirm-alert.invalid/hzxg8pzrsven,Phishing,90,Brand Deception Rule
https://google-login-alert.test/czrbuysk8dpd,Phishing,90,Brand Deception Rule
https://google-validate-alert.example/bfwwi6r6ewzt,Phishing,90,Brand Deception Rule
https://microsoft.auth.secure.example/auth,Phishing,90,Brand Deception Rule
https://microsoft.example/v7w7tz4krnpm43h1/update,Phishing,90,Brand Deception Rule
https://microsoft.reset.secure.invalid/reset,Phishing,90,Brand Deception Rule
https://microsoft.security-check.secure.invalid/security-check,Phishing,90,Brand Deception Rule
https://microsoft.test/brylqmxdxb6a4ie5/security-check,Phishing,90,Brand Deception Rule
https://microsoft.test/gv5zrvf1m20rx979/update,Phishing,90,Brand Deception Rule
https://microsoft.verify.secure.example/verify,Phishing,90,Brand Deception Rule
https://microsoft-reset-alert.test/tyvbdfx04pxu,Phishing,90,Brand Deception Rule
https://microsoft-verify-alert.test/dk2ufgms8g5e,Phishing,90,Brand Deception Rule
https://netflix.invalid/13jezxkekjmq2v60/login,Phishing,75,ML Fusion Network (Offline + Online)
https://netflix.invalid/etcihnwhg2r6zlwu/reset,Phishing,75,ML Fusion Network (Offline + Online)
https://netflix.invalid/f1s1tzehfde6r72a/verify,Phishing,75,ML Fusion Network (Offline + Online)
https://netflix.security-check.secure.example/security-check,Phishing,75,ML Fusion Network (Offline + Online)
https://netflix.security-check.secure.test/security-check,Phishing,75,ML Fusion Network (Offline + Online)
https://netflix.update.secure.invalid/update,Phishing,75,ML Fusion Network (Offline + Online)
https://netflix.validate.secure.example/validate,Phishing,75,ML Fusion Network (Offline + Online)
https://netflix.validate.secure.invalid/validate,Phishing,75,ML Fusion Network (Offline + Online)
https://netflix.verify.secure.invalid/verify,Phishing,75,ML Fusion Network (Offline + Online)
https://netflix.verify.secure.test/verify,Phishing,75,ML Fusion Network (Offline + Online)
https://netflix-confirm-alert.example/1tk6e9lmwmvz,Phishing,75,ML Fusion Network (Offline + Online)
https://netflix-confirm-alert.invalid/m9b7wfbd8dxh,Phishing,75,ML Fusion Network (Offline + Online)
https://netflix-reset-alert.example/5rshdq2f3dja,Phishing,75,ML Fusion Network (Offline + Online)
https://netflix-security-check-alert.example/u9tjazd8ec3m,Phishing,75,ML Fusion Network (Offline + Online)
https://netflix-validate-alert.example/5b4iqfp5sf2j,Phishing,75,ML Fusion Network (Offline + Online)
https://netflix-validate-alert.test/1zmygtlizm4u,Phishing,75,ML Fusion Network (Offline + Online)
https://paypal.auth.secure.example/auth,Phishing,90,Brand Deception Rule
https://paypal.invalid/hyg84c4xowdcxjej/login,Phishing,90,Brand Deception Rule
https://paypal.invalid/js95bq6n4bi2blli/auth,Phishing,90,Brand Deception Rule
https://paypal.security-check.secure.example/security-check,Phishing,90,Brand Deception Rule
https://paypal.validate.secure.test/validate,Phishing,90,Brand Deception Rule
https://paypal.verify.secure.example/verify,Phishing,90,Brand Deception Rule
https://paypal.verify.secure.invalid/verify,Phishing,90,Brand Deception Rule
https://paypal-auth-alert.example/tz9rbgytihbr,Phishing,90,Brand Deception Rule
https://paypal-login-alert.example/2yrx6a5z1nsn,Phishing,90,Brand Deception Rule
https://paypal-reset-alert.example/vjduslfqqvlh,Phishing,90,Brand Deception Rule
https://paypal-security-check-alert.test/27v02eca81n8,Phishing,90,Brand Deception Rule
https://paypal-validate-alert.invalid/vu9v6mcbfuy0,Phishing,90,Brand Deception Rule
https://paypal-validate-alert.test/dumqn4ac49jz,Phishing,90,Brand Deception Rule
https://paypal-verify-alert.test/9w4bbq29f66j,Phishing,90,Brand Deception Rule
https://portal.example/account/auth?token=76mgvs43,Phishing,80,ML Fusion Network (Offline + Online)
https://portal.example/account/auth?token=gv7nuyuz,Phishing,81,ML Fusion Network (Offline + Online)
https://portal.example/account/auth?token=wl3d9r9z,Phishing,81,ML Fusion Network (Offline + Online)
https://portal.example/account/reset?token=cwoamq52,Phishing,80,ML Fusion Network (Offline + Online)
https://portal.example/amazon/auth?token=2xfyvun0,Phishing,90,Brand Deception Rule
https://portal.example/amazon/auth?token=ymf1blx1,Phishing,90,Brand Deception Rule
https://portal.example/apple/reset?token=18iee5zj,Phishing,90,Brand Deception Rule
https://portal.example/facebook/validate?token=xt6qhkc1,Safe,90,Brand Deception Rule
https://portal.example/facebook/verify?token=0uy2z00y,Safe,90,Brand Deception Rule
https://portal.example/google/confirm?token=dy4dgv47,Safe,90,Brand Deception Rule
https://portal.example/google/update?token=3v77z9nf,Safe,90,Brand Deception Rule
https://portal.example/microsoft/validate?token=cu1vrhah,Safe,90,Brand Deception Rule
https://portal.example/paypal/confirm?token=94e5uesr,Safe,90,Brand Deception Rule
https://portal.example/paypal/reset?token=ro8mvgym,Safe,90,Brand Deception Rule
https://portal.example/secure/confirm?token=mjmfy18y,Safe,81,ML Fusion Network (Offline + Online)
https://portal.invalid/account/auth?token=gdba2vwx,Safe,78,ML Fusion Network (Offline + Online)
https://portal.invalid/account/update?token=bfr9reqs,Safe,77,ML Fusion Network (Offline + Online)
https://portal.invalid/account/validate?token=6e0te4dr,Safe,75,ML Fusion Network (Offline + Online)
https://portal.invalid/amazon/auth?token=936n6e9a,Safe,90,Brand Deception Rule
https://portal.invalid/amazon/validate?token=6qkfutau,Safe,90,Brand Deception Rule
https://portal.invalid/bank/login?token=as34t0kv,Safe,75,ML Fusion Network (Offline + Online)
https://portal.invalid/facebook/validate?token=m1y4sj66,Safe,90,Brand Deception Rule
https://portal.invalid/microsoft/security-check?token=166afzl2,Safe,90,Brand Deception Rule
https://portal.invalid/paypal/confirm?token=lsxxmokq,Safe,90,Brand Deception Rule
https://portal.invalid/paypal/validate?token=5ulzwjf5,Safe,90,Brand Deception Rule
https://portal.invalid/secure/security-check?token=1anrwt1q,Safe,75,ML Fusion Network (Offline + Online)
https://portal.test/account/update?token=lu2gmoxp,Safe,83,ML Fusion Network (Offline + Online)
https://portal.test/apple/auth?token=2xw9cpys,Safe,90,Brand Deception Rule
https://portal.test/apple/confirm?token=ac2ukp9n,Safe,90,Brand Deception Rule
https://portal.test/bank/validate?token=1frrgpok,Safe,83,ML Fusion Network (Offline + Online)
https://portal.test/google/update?token=ihwn5abs,Safe,90,Brand Deception Rule
https://portal.test/microsoft/reset?token=toz80nm6,Safe,90,Brand Deception Rule
https://portal.test/microsoft/verify?token=75qobfhj,Safe,90,Brand Deception Rule
https://portal.test/secure/login?token=11ai641l,Safe,82,ML Fusion Network (Offline + Online)
https://secure.confirm.secure.example/confirm,Safe,75,ML Fusion Network (Offline + Online)
https://secure.example/1owib72mi3nw7wqp/reset,Safe,75,ML Fusion Network (Offline + Online)
https://secure.login.secure.example/login,Safe,75,ML Fusion Network (Offline + Online)
https://secure.security-check.secure.example/security-check,Safe,75,ML Fusion Network (Offline + Online)
https://secure.test/1m30ci0m140ygrdy/update,Safe,78,ML Fusion Network (Offline + Online)
https://secure.test/3l5le3ps5iomx854/login,Safe,89,ML Fusion Network (Offline + Online)
https://secure.test/lcr11k03s5po99y0/auth,Safe,77,ML Fusion Network (Offline + Online)
https://secure.validate.secure.invalid/validate,Safe,75,ML Fusion Network (Offline + Online)
https://secure.verify.secure.invalid/verify,Safe,75,ML Fusion Network (Offline + Online)
https://secure-auth.test/apple/account,Safe,90,Brand Deception Rule
https://secure-auth.test/facebook/account,Safe,90,Brand Deception Rule
https://secure-confirm.invalid/amazon/account,Safe,90,Brand Deception Rule
https://secure-confirm.invalid/secure/account,Safe,75,ML Fusion Network (Offline + Online)
https://secure-confirm.test/facebook/account,Safe,90,Brand Deception Rule
https://secure-confirm-alert.invalid/v1lc3t8uqpul,Safe,75,ML Fusion Network (Offline + Online)
https://secure-login.example/facebook/account,Safe,90,Brand Deception Rule
https://secure-login.example/netflix/account,Safe,91,ML Fusion Network (Offline + Online)
https://secure-login.invalid/facebook/account,Safe,90,Brand Deception Rule
https://secure-login.invalid/microsoft/account,Safe,90,Brand Deception Rule
https://secure-login.invalid/paypal/account,Safe,90,Brand Deception Rule
https://secure-login.test/secure/account,Safe,85,ML Fusion Network (Offline + Online)
https://secure-reset.example/amazon/account,Safe,90,Brand Deception Rule
https://secure-reset.test/paypal/account,Safe,90,Brand Deception Rule
https://secure-security-check.invalid/account/account,Safe,75,ML Fusion Network (Offline + Online)
https://secure-security-check.test/apple/account,Safe,90,Brand Deception Rule
https://secure-security-check.test/google/account,Safe,90,Brand Deception Rule
https://secure-security-check-alert.invalid/404xdk3tcaua,Safe,75,ML Fusion Network (Offline + Online)
https://secure-update.example/secure/account,Safe,78,ML Fusion Network (Offline + Online)
https://secure-update.invalid/secure/account,Safe,75,ML Fusion Network (Offline + Online)
https://secure-update.test/bank/account,Safe,84,ML Fusion Network (Offline + Online)
https://secure-update-alert.example/wuyk3savqfjq,Safe,82,ML Fusion Network (Offline + Online)
https://secure-validate.example/microsoft/account,Safe,90,Brand Deception Rule
https://secure-validate.example/netflix/account,Safe,84,ML Fusion Network (Offline + Online)
https://secure-validate.example/netflix/account,Safe,84,ML Fusion Network (Offline + Online)
https://secure-verify.example/facebook/account,Safe,90,Brand Deception Rule
https://secure-verify.example/google/account,Safe,90,Brand Deception Rule
https://secure-verify.invalid/netflix/account,Safe,81,ML Fusion Network (Offline + Online)
https://secure-verify.invalid/secure/account,Safe,76,ML Fusion Network (Offline + Online)
https://secure-verify.test/apple/account,Status,90,Brand Deception Rule
